year,per capita income
2019,40460.22901919484
2020,41288.69409441762
2021,42117.15916964039
2023,43774.08932008571
2045,62000.32097498537
2050,66142.64635109878
2060,74427.29710332607
3000,853184.4678126739
